{
 "t_exec_s": 0.0020461706490081744,
 "lambda_shard": 488.7177911992447,
 "rhos": [
  1.0,
  4.0
 ],
 "seeds": 12,
 "M": 20000,
 "panel_a": [
  {
   "sigma": 0.0,
   "S": [
    1,
    2,
    4,
    8,
    16,
    32,
    64,
    128,
    256
   ],
   "sim_mean": [
    488.71779119906455,
    971.154822060509,
    1921.87524268336,
    3797.7774188294384,
    7459.552504506278,
    14443.14924515951,
    27531.79888176551,
    50992.91892192807,
    93470.40210196203
   ],
   "sim_ci": [
    0.0,
    2.289489503782239,
    7.783277979604016,
    29.810259529995072,
    63.04978282013341,
    134.4531035879355,
    477.43429794191684,
    829.606964625472,
    1683.8182635154403
   ],
   "bound": [
    488.7177911992447,
    977.4355823984894,
    1954.8711647969787,
    3909.7423295939575,
    7819.484659187915,
    15638.96931837583,
    31277.93863675166,
    62555.87727350332,
    125111.75454700664
   ]
  },
  {
   "sigma": 0.001,
   "S": [
    1,
    2,
    4,
    8,
    16,
    32,
    64,
    128,
    256
   ],
   "sim_mean": [
    488.71779119906455,
    972.2097419675373,
    1929.5413163802932,
    3802.907751618162,
    7448.721930309195,
    14424.076621253529,
    27480.114234473356,
    51322.88937385482,
    92686.21005940763
   ],
   "sim_ci": [
    0.0,
    1.6302005534257327,
    7.083877493726289,
    18.99821344634854,
    53.819710193682205,
    143.49549085391772,
    327.22636670146846,
    802.6207724876199,
    1887.8100437856808
   ],
   "bound": [
    488.7177911992447,
    977.4355823984894,
    1954.8711647969787,
    3909.7423295939575,
    7819.484659187915,
    15638.96931837583,
    31277.93863675166,
    62555.87727350332,
    125111.75454700664
   ]
  },
  {
   "sigma": 0.01,
   "S": [
    1,
    2,
    4,
    8,
    16,
    32,
    64,
    128,
    256
   ],
   "sim_mean": [
    488.71779119906455,
    968.904266031367,
    1901.6084799466078,
    3658.5203485798997,
    6745.103131421143,
    11772.157378997605,
    18782.84670106272,
    26991.64211032943,
    34943.37302023412
   ],
   "sim_ci": [
    0.0,
    3.439280659506875,
    13.120991707752493,
    36.13043552717119,
    107.14684538505698,
    255.59507630913149,
    475.355558418861,
    692.6502021441809,
    1282.2467114128888
   ],
   "bound": [
    488.7177911992447,
    977.4355823984894,
    1954.8711647969787,
    3909.7423295939575,
    7819.484659187915,
    15638.96931837583,
    31277.93863675166,
    48871.77911992447,
    48871.77911992447
   ]
  },
  {
   "sigma": 0.1,
   "S": [
    1,
    2,
    4,
    8,
    16,
    32,
    64,
    128,
    256
   ],
   "sim_mean": [
    488.71779119906455,
    889.8298206036952,
    1504.2505198451042,
    2297.6267079846452,
    3106.017806264604,
    3784.0933100775824,
    4245.30522832988,
    4527.781114452636,
    4690.117708413463
   ],
   "sim_ci": [
    0.0,
    3.1404737620610432,
    9.051811049771821,
    18.756927640928325,
    29.882647969115045,
    35.63430314279684,
    43.590001778206535,
    46.81855505417602,
    56.77576209176456
   ],
   "bound": [
    488.7177911992447,
    977.4355823984894,
    1954.8711647969787,
    3909.7423295939575,
    4887.177911992447,
    4887.177911992447,
    4887.177911992447,
    4887.177911992447,
    4887.177911992447
   ]
  }
 ],
 "panel_b": [
  {
   "rho": 1.0,
   "S": 64,
   "sigma": 0.001,
   "chi": [
    0.0,
    0.025,
    0.05,
    0.075,
    0.1,
    0.125,
    0.15,
    0.175,
    0.2,
    0.225,
    0.25,
    0.275,
    0.3,
    0.325,
    0.35,
    0.375,
    0.4,
    0.425,
    0.45,
    0.475,
    0.5,
    0.525,
    0.55,
    0.575,
    0.6,
    0.625,
    0.65,
    0.675,
    0.7,
    0.725,
    0.75,
    0.775,
    0.8,
    0.825,
    0.85,
    0.875,
    0.9,
    0.925,
    0.95,
    0.975,
    1.0
   ],
   "sim_mean": [
    27480.114234473356,
    19552.21654306594,
    9720.350335783009,
    6509.8792665141045,
    4834.0388646479005,
    3883.4684018836506,
    3249.662621483596,
    2788.2897620614817,
    2441.5814460722504,
    2167.421249388309,
    1949.239529931018,
    1771.745572397871,
    1625.114154593538,
    1499.4077755600338,
    1391.2621961115021,
    1297.4109391884274,
    1217.2130545311502,
    1146.2284244393552,
    1084.0831347339374,
    1027.4743205634384,
    976.441640222824,
    930.0841209107535,
    887.9637961040659,
    849.0084037941119,
    814.1292480842343,
    780.8308919305674,
    751.2772771198319,
    723.8348741260419,
    697.3056200580686,
    673.3419874926125,
    650.7819325501332,
    629.8561021693943,
    609.9456707984003,
    591.594835308719,
    574.3929849677786,
    558.2435483479599,
    542.4481411762723,
    527.9435248234922,
    514.2803494510241,
    501.4488270347012,
    488.69335653123795
   ],
   "sim_ci": [
    327.22636670146846,
    335.3492791523748,
    95.43397032818616,
    73.07307856952572,
    41.77075870337283,
    35.065512859686606,
    23.373059901943197,
    17.97756125126377,
    12.323974900597142,
    9.423812983541506,
    7.641999615561149,
    8.601357903244347,
    7.350823191904981,
    5.72767025518148,
    4.586297730696319,
    3.715388187756946,
    3.7801211088221285,
    3.733522939953445,
    3.431750890040362,
    3.635249094813861,
    2.8144873704697733,
    2.5426558552939147,
    2.3820819732451817,
    1.8714750656013155,
    1.3725497462598706,
    1.3600504808909324,
    1.65790954970989,
    1.5529740321564076,
    1.7867285950657685,
    1.5959126537921755,
    1.3361978631909375,
    1.2965882081722198,
    1.2907926380775059,
    1.235387753764299,
    1.0274931128015494,
    0.8831062481417924,
    0.8102473730342492,
    0.586942370715029,
    0.3589929322876666,
    0.300897263285685,
    0.0
   ],
   "bound": [
    31277.93863675166,
    19548.711647969787,
    9774.355823984894,
    6516.23721598993,
    4887.177911992447,
    3909.7423295939575,
    3258.118607994965,
    2792.6730925671127,
    2443.5889559962234,
    2172.079071996643,
    1954.8711647969787,
    1777.1556043608896,
    1629.0593039974824,
    1503.7470498438297,
    1396.3365462835563,
    1303.2474431979858,
    1221.7944779981117,
    1149.9242145864582,
    1086.0395359983215,
    1028.8795604194625,
    977.4355823984894,
    930.8910308557041,
    888.5778021804448,
    849.9439846943386,
    814.5296519987412,
    781.9484659187915,
    751.8735249219148,
    724.0263573322143,
    698.1682731417782,
    674.0935051024065,
    651.6237215989929,
    630.6036015474125,
    610.8972389990558,
    592.38520145363,
    574.9621072932291,
    558.5346185134225,
    543.0197679991608,
    528.3435580532375,
    514.4397802097312,
    501.24901661460996,
    488.7177911992447
   ]
  },
  {
   "rho": 4.0,
   "S": 64,
   "sigma": 0.001,
   "chi": [
    0.0,
    0.025,
    0.05,
    0.075,
    0.1,
    0.125,
    0.15,
    0.175,
    0.2,
    0.225,
    0.25,
    0.275,
    0.3,
    0.325,
    0.35,
    0.375,
    0.4,
    0.425,
    0.45,
    0.475,
    0.5,
    0.525,
    0.55,
    0.575,
    0.6,
    0.625,
    0.65,
    0.675,
    0.7,
    0.725,
    0.75,
    0.775,
    0.8,
    0.825,
    0.85,
    0.875,
    0.9,
    0.925,
    0.95,
    0.975,
    1.0
   ],